[{"model": "online.video", "pk": 1, "fields": {"code": "ION01", "name": "\u0e01\u0e32\u0e23\u0e1e\u0e31\u0e12\u0e19\u0e32\u0e42\u0e21\u0e1a\u0e32\u0e22\u0e41\u0e2d\u0e1e\u0e14\u0e49\u0e27\u0e22 Ionic Framework3", "slug": "basic-mobile-app-with-ionic", "title": "\u0e01\u0e32\u0e23\u0e40\u0e23\u0e34\u0e48\u0e21\u0e14\u0e49\u0e27\u0e22 Ionic \u0e08\u0e30\u0e2a\u0e32\u0e21\u0e32\u0e23\u0e16\u0e2a\u0e23\u0e49\u0e32\u0e07\u0e42\u0e21\u0e1a\u0e32\u0e22\u0e44\u0e14\u0e49\u0e2d\u0e22\u0e48\u0e32\u0e07\u0e23\u0e27\u0e14\u0e40\u0e23\u0e47\u0e27 \u0e41\u0e25\u0e30\u0e15\u0e48\u0e2d\u0e22\u0e2d\u0e14\u0e40\u0e02\u0e49\u0e32\u0e2a\u0e39\u0e48\u0e41\u0e2d\u0e1e\u0e41\u0e1a\u0e1a Native \u0e44\u0e14\u0e49\u0e07\u0e48\u0e32\u0e22\u0e2d\u0e35\u0e01\u0e14\u0e49\u0e27\u0e22", "description": "\u0e01\u0e32\u0e23\u0e1e\u0e31\u0e12\u0e19\u0e32\u0e41\u0e2d\u0e1e\u0e17\u0e38\u0e01\u0e27\u0e31\u0e19\u0e19\u0e35\u0e49\u0e44\u0e21\u0e48\u0e44\u0e14\u0e49\u0e41\u0e22\u0e01\u0e41\u0e1e\u0e25\u0e15\u0e1f\u0e2d\u0e23\u0e4c\u0e21\u0e2d\u0e35\u0e01\u0e15\u0e48\u0e2d\u0e44\u0e1b \u0e40\u0e19\u0e37\u0e48\u0e2d\u0e07\u0e08\u0e32\u0e01\u0e43\u0e19\u0e1b\u0e31\u0e08\u0e08\u0e38\u0e1a\u0e31\u0e19\u0e21\u0e35\u0e1c\u0e39\u0e49\u0e2a\u0e23\u0e49\u0e32\u0e07\u0e40\u0e04\u0e23\u0e37\u0e48\u0e2d\u0e07\u0e21\u0e37\u0e2d\u0e43\u0e2b\u0e49\u0e40\u0e23\u0e32\u0e44\u0e14\u0e49\u0e40\u0e25\u0e37\u0e2d\u0e01\u0e43\u0e0a\u0e49\u0e2d\u0e22\u0e48\u0e32\u0e07\u0e21\u0e32\u0e01\u0e21\u0e32\u0e22 \u0e0b\u0e36\u0e48\u0e07\u0e21\u0e35\u0e04\u0e27\u0e32\u0e21\u0e2a\u0e32\u0e21\u0e32\u0e23\u0e16\u0e43\u0e19\u0e01\u0e32\u0e23\u0e2a\u0e23\u0e49\u0e32\u0e07\u0e41\u0e2d\u0e1e\u0e17\u0e35\u0e48\u0e40\u0e23\u0e35\u0e22\u0e01\u0e27\u0e48\u0e32\u0e04\u0e23\u0e2d\u0e2a\u0e41\u0e1e\u0e25\u0e15\u0e1f\u0e2d\u0e23\u0e4c\u0e21 (Cross Platform) \u0e19\u0e31\u0e48\u0e19\u0e04\u0e37\u0e2d\u0e01\u0e32\u0e23\u0e17\u0e35\u0e48\u0e40\u0e23\u0e32\u0e2a\u0e23\u0e49\u0e32\u0e07\u0e41\u0e2d\u0e1e\u0e04\u0e23\u0e31\u0e49\u0e07\u0e40\u0e14\u0e35\u0e22\u0e27\u0e01\u0e47\u0e2a\u0e32\u0e21\u0e32\u0e23\u0e16\u0e19\u0e33\u0e44\u0e1b\u0e17\u0e33\u0e07\u0e32\u0e19\u0e44\u0e14\u0e49\u0e17\u0e31\u0e49\u0e07\u0e1a\u0e19 Android \u0e41\u0e25\u0e30 IOS \u0e0b\u0e36\u0e48\u0e07\u0e0a\u0e48\u0e27\u0e22\u0e1b\u0e23\u0e30\u0e2b\u0e22\u0e31\u0e14\u0e40\u0e27\u0e25\u0e32 \u0e41\u0e25\u0e30\u0e1b\u0e23\u0e30\u0e2b\u0e22\u0e31\u0e14\u0e07\u0e1a\u0e1b\u0e23\u0e30\u0e21\u0e32\u0e13\u0e25\u0e07\u0e44\u0e1b\u0e44\u0e14\u0e49\u0e40\u0e1b\u0e47\u0e19\u0e2d\u0e22\u0e48\u0e32\u0e07\u0e21\u0e32\u0e01 \u0e43\u0e19\u0e2b\u0e25\u0e31\u0e01\u0e2a\u0e39\u0e15\u0e23\u0e19\u0e35\u0e49\u0e40\u0e23\u0e32\u0e08\u0e30\u0e21\u0e32\u0e40\u0e23\u0e35\u0e22\u0e19\u0e01\u0e32\u0e23\u0e2a\u0e23\u0e49\u0e32\u0e07\u0e42\u0e21\u0e1a\u0e32\u0e22\u0e41\u0e2d\u0e1e\u0e41\u0e1a\u0e1a\u0e04\u0e23\u0e2d\u0e2a\u0e41\u0e1e\u0e25\u0e15\u0e1f\u0e2d\u0e23\u0e4c\u0e21\u0e42\u0e14\u0e22\u0e43\u0e0a\u0e49 Ionic Framework3 \u0e0b\u0e36\u0e48\u0e07\u0e21\u0e35\u0e08\u0e38\u0e14\u0e40\u0e14\u0e48\u0e19\u0e15\u0e23\u0e07\u0e40\u0e02\u0e35\u0e22\u0e19\u0e04\u0e48\u0e2d\u0e19\u0e02\u0e49\u0e32\u0e07\u0e07\u0e48\u0e32\u0e22 \u0e41\u0e25\u0e30\u0e21\u0e35\u0e40\u0e04\u0e23\u0e37\u0e48\u0e2d\u0e07\u0e44\u0e21\u0e49\u0e40\u0e04\u0e23\u0e37\u0e48\u0e2d\u0e07\u0e21\u0e37\u0e2d\u0e17\u0e35\u0e48\u0e40\u0e15\u0e23\u0e35\u0e22\u0e21\u0e43\u0e2b\u0e49\u0e2d\u0e22\u0e48\u0e32\u0e07\u0e04\u0e23\u0e1a\u0e04\u0e23\u0e31\u0e19 \u0e0b\u0e36\u0e48\u0e07\u0e40\u0e2b\u0e21\u0e32\u0e30\u0e01\u0e31\u0e1a\u0e1c\u0e39\u0e49\u0e17\u0e35\u0e48\u0e17\u0e33\u0e07\u0e32\u0e19\u0e2a\u0e32\u0e22\u0e40\u0e27\u0e47\u0e1a\u0e21\u0e32\u0e01\u0e48\u0e2d\u0e19 \u0e0b\u0e36\u0e48\u0e07\u0e01\u0e32\u0e23\u0e40\u0e23\u0e34\u0e48\u0e21\u0e14\u0e49\u0e27\u0e22 Ionic \u0e08\u0e30\u0e2a\u0e32\u0e21\u0e32\u0e23\u0e16\u0e2a\u0e23\u0e49\u0e32\u0e07\u0e42\u0e21\u0e1a\u0e32\u0e22\u0e44\u0e14\u0e49\u0e2d\u0e22\u0e48\u0e32\u0e07\u0e23\u0e27\u0e14\u0e40\u0e23\u0e47\u0e27 \u0e41\u0e25\u0e30\u0e15\u0e48\u0e2d\u0e22\u0e2d\u0e14\u0e40\u0e02\u0e49\u0e32\u0e2a\u0e39\u0e48\u0e41\u0e2d\u0e1e\u0e41\u0e1a\u0e1a Native \u0e44\u0e14\u0e49\u0e07\u0e48\u0e32\u0e22\u0e2d\u0e35\u0e01\u0e14\u0e49\u0e27\u0e22 \u0e43\u0e19\u0e40\u0e19\u0e37\u0e49\u0e2d\u0e2b\u0e32\u0e40\u0e23\u0e32\u0e08\u0e30\u0e44\u0e14\u0e49\u0e40\u0e23\u0e35\u0e22\u0e19 TypeScript / Angular 4 \u0e0b\u0e36\u0e48\u0e07\u0e40\u0e1b\u0e47\u0e19\u0e2b\u0e31\u0e27\u0e43\u0e08\u0e2b\u0e25\u0e31\u0e01\u0e02\u0e2d\u0e07 Ionic \u0e15\u0e48\u0e2d\u0e14\u0e49\u0e27\u0e22\u0e01\u0e32\u0e23\u0e43\u0e0a\u0e49 Component \u0e15\u0e48\u0e32\u0e07\u0e46 \u0e23\u0e27\u0e21\u0e44\u0e1b\u0e16\u0e36\u0e07 Native Component \u0e40\u0e0a\u0e48\u0e19 \u0e01\u0e25\u0e49\u0e2d\u0e07\u0e16\u0e48\u0e32\u0e22\u0e23\u0e39\u0e1b \u0e01\u0e32\u0e23\u0e2b\u0e32\u0e1e\u0e34\u0e01\u0e31\u0e14 \u0e01\u0e32\u0e23\u0e42\u0e17\u0e23\u0e2d\u0e2d\u0e01 \u0e40\u0e1b\u0e47\u0e19\u0e15\u0e49\u0e19 \u0e2a\u0e33\u0e2b\u0e23\u0e31\u0e1a\u0e17\u0e49\u0e32\u0e22\u0e1a\u0e19\u0e40\u0e23\u0e32\u0e08\u0e30\u0e40\u0e0a\u0e37\u0e48\u0e2d\u0e21\u0e15\u0e48\u0e2d\u0e40\u0e02\u0e49\u0e32\u0e01\u0e31\u0e1a Backend API \u0e41\u0e25\u0e30\u0e08\u0e31\u0e14\u0e40\u0e01\u0e47\u0e1a\u0e02\u0e49\u0e2d\u0e21\u0e39\u0e25\u0e14\u0e49\u0e27\u0e22 LocalStorage, Firebase \u0e41\u0e25\u0e30 SQLite", "category": 1, "lessons": 22, "price": "2500.00", "image": "images/video/wordpress.jpg", "premium": true, "published": true, "teachers": [1, 2]}}, {"model": "online.video", "pk": 2, "fields": {"code": "WEB01", "name": "\u0e1e\u0e37\u0e49\u0e19\u0e10\u0e32\u0e19\u0e01\u0e32\u0e23\u0e40\u0e02\u0e35\u0e22\u0e19 HTML \u0e41\u0e25\u0e30 CSS", "slug": "basic-html-and-css", "title": "\u0e2a\u0e33\u0e2b\u0e23\u0e31\u0e1a\u0e1c\u0e39\u0e49\u0e17\u0e35\u0e48\u0e01\u0e49\u0e32\u0e27\u0e21\u0e32\u0e40\u0e1b\u0e47\u0e19\u0e19\u0e31\u0e01\u0e1e\u0e31\u0e12\u0e19\u0e32\u0e40\u0e27\u0e47\u0e1a\u0e04\u0e27\u0e23\u0e40\u0e23\u0e35\u0e22\u0e19\u0e04\u0e2d\u0e23\u0e4c\u0e2a\u0e19\u0e35\u0e49", "description": "\u0e2b\u0e25\u0e31\u0e01\u0e2a\u0e39\u0e15\u0e23\u0e19\u0e35\u0e49\u0e08\u0e30\u0e40\u0e08\u0e32\u0e30\u0e25\u0e36\u0e01\u0e01\u0e32\u0e23\u0e43\u0e0a\u0e49\u0e07\u0e32\u0e19 HTML5 \u0e41\u0e25\u0e30 CSS3 \u0e43\u0e19\u0e02\u0e31\u0e49\u0e19\u0e2a\u0e39\u0e07 \u0e1c\u0e39\u0e49\u0e40\u0e23\u0e35\u0e22\u0e19\u0e08\u0e30\u0e15\u0e49\u0e2d\u0e07\u0e21\u0e35\u0e04\u0e27\u0e32\u0e21\u0e40\u0e02\u0e49\u0e32\u0e43\u0e08\u0e43\u0e19\u0e01\u0e32\u0e23\u0e40\u0e02\u0e35\u0e22\u0e19 JavaScript \u0e2b\u0e23\u0e37\u0e2d jQuery \u0e21\u0e32\u0e41\u0e25\u0e49\u0e27\u0e2b\u0e23\u0e37\u0e2d\u0e1c\u0e48\u0e32\u0e19\u0e01\u0e32\u0e23\u0e2d\u0e1a\u0e23\u0e21\u0e43\u0e19\u0e2b\u0e25\u0e31\u0e01\u0e2a\u0e39\u0e15\u0e23 Essential Javascript \u0e21\u0e32\u0e01\u0e48\u0e2d\u0e19 \u0e40\u0e19\u0e37\u0e48\u0e2d\u0e07\u0e08\u0e32\u0e01\u0e2b\u0e25\u0e31\u0e01\u0e2a\u0e39\u0e15\u0e23\u0e19\u0e35\u0e49\u0e08\u0e30\u0e21\u0e35\u0e01\u0e32\u0e23\u0e43\u0e0a\u0e49\u0e07\u0e32\u0e19 JavaScript \u0e41\u0e25\u0e30 jQuery \u0e04\u0e48\u0e2d\u0e19\u0e02\u0e49\u0e32\u0e07\u0e40\u0e22\u0e2d\u0e30\u0e41\u0e25\u0e30\u0e40\u0e19\u0e49\u0e19\u0e17\u0e33\u0e04\u0e27\u0e32\u0e21\u0e40\u0e02\u0e49\u0e32\u0e43\u0e08\u0e43\u0e19\u0e2b\u0e25\u0e36\u0e01\u0e01\u0e32\u0e23\u0e17\u0e33\u0e07\u0e32\u0e19\u0e02\u0e2d\u0e07 JavaScript API \u0e40\u0e1b\u0e47\u0e19\u0e2b\u0e25\u0e31\u0e01", "category": 1, "lessons": 15, "price": "5000.00", "image": "images/video/html.jpg", "premium": false, "published": true, "teachers": [2]}}, {"model": "online.video", "pk": 3, "fields": {"code": "DB01", "name": "\u0e01\u0e32\u0e23\u0e43\u0e0a\u0e49\u0e07\u0e32\u0e19 MySQL \u0e40\u0e1a\u0e37\u0e49\u0e2d\u0e07\u0e15\u0e49\u0e19", "slug": "basic-mysql-query", "title": "\u0e40\u0e2b\u0e21\u0e32\u0e30\u0e01\u0e31\u0e1a\u0e1c\u0e39\u0e49\u0e17\u0e35\u0e48\u0e15\u0e49\u0e2d\u0e07\u0e01\u0e32\u0e23\u0e08\u0e30\u0e40\u0e23\u0e35\u0e22\u0e19\u0e23\u0e39\u0e49\u0e20\u0e32\u0e29\u0e32 SQL \u0e42\u0e14\u0e22\u0e43\u0e0a\u0e49 MySQL \u0e40\u0e1b\u0e47\u0e19\u0e15\u0e31\u0e27\u0e08\u0e31\u0e14\u0e01\u0e32\u0e23\u0e10\u0e32\u0e19\u0e02\u0e49\u0e2d\u0e21\u0e39\u0e25", "description": "\u0e2b\u0e25\u0e31\u0e01\u0e2a\u0e39\u0e15\u0e23\u0e19\u0e35\u0e49\u0e40\u0e2b\u0e21\u0e32\u0e30\u0e01\u0e31\u0e1a\u0e1c\u0e39\u0e49\u0e17\u0e35\u0e48\u0e15\u0e49\u0e2d\u0e07\u0e01\u0e32\u0e23\u0e08\u0e30\u0e40\u0e23\u0e35\u0e22\u0e19\u0e23\u0e39\u0e49\u0e20\u0e32\u0e29\u0e32 SQL \u0e42\u0e14\u0e22\u0e43\u0e0a\u0e49 MySQL \u0e40\u0e1b\u0e47\u0e19\u0e15\u0e31\u0e27\u0e08\u0e31\u0e14\u0e01\u0e32\u0e23\u0e10\u0e32\u0e19\u0e02\u0e49\u0e2d\u0e21\u0e39\u0e25 \u0e0b\u0e36\u0e48\u0e07\u0e2b\u0e25\u0e31\u0e01\u0e2a\u0e39\u0e15\u0e23\u0e19\u0e35\u0e49\u0e08\u0e30\u0e40\u0e1b\u0e47\u0e19\u0e1e\u0e37\u0e49\u0e19\u0e10\u0e32\u0e19 \u0e43\u0e19\u0e01\u0e32\u0e23\u0e1e\u0e31\u0e12\u0e19\u0e32\u0e40\u0e27\u0e47\u0e1a\u0e44\u0e0b\u0e15\u0e4c\u0e41\u0e25\u0e30\u0e41\u0e2d\u0e1e\u0e25\u0e34\u0e40\u0e04\u0e0a\u0e31\u0e48\u0e19 \u0e40\u0e1e\u0e37\u0e48\u0e2d\u0e15\u0e48\u0e2d\u0e22\u0e2d\u0e14\u0e44\u0e1b\u0e2b\u0e25\u0e31\u0e01\u0e2a\u0e39\u0e15\u0e23\u0e02\u0e31\u0e49\u0e19\u0e2a\u0e39\u0e07\u0e15\u0e48\u0e2d\u0e44\u0e1b\u0e43\u0e19\u0e2d\u0e19\u0e32\u0e04\u0e15 \u0e2a\u0e33\u0e2b\u0e23\u0e31\u0e1a\u0e40\u0e19\u0e37\u0e49\u0e2d\u0e2b\u0e32\u0e02\u0e2d\u0e07\u0e2b\u0e25\u0e31\u0e01\u0e2a\u0e39\u0e15\u0e23\u0e19\u0e31\u0e49\u0e19 \u0e17\u0e48\u0e32\u0e19\u0e08\u0e30\u0e44\u0e14\u0e49\u0e23\u0e39\u0e49\u0e08\u0e31\u0e01\u0e01\u0e31\u0e1a MySQL \u0e43\u0e2b\u0e49\u0e21\u0e32\u0e01\u0e02\u0e36\u0e49\u0e19 \u0e01\u0e32\u0e23\u0e15\u0e34\u0e14\u0e15\u0e31\u0e49\u0e07\u0e10\u0e32\u0e19\u0e02\u0e49\u0e2d\u0e21\u0e39\u0e25 \u0e1b\u0e23\u0e30\u0e40\u0e20\u0e17\u0e02\u0e2d\u0e07\u0e04\u0e33\u0e2a\u0e31\u0e48\u0e07 SQL \u0e01\u0e32\u0e23\u0e2a\u0e23\u0e49\u0e32\u0e07\u0e10\u0e32\u0e19\u0e02\u0e49\u0e2d\u0e21\u0e39\u0e25\u0e41\u0e25\u0e30\u0e15\u0e32\u0e23\u0e32\u0e07 \u0e01\u0e32\u0e23\u0e40\u0e23\u0e35\u0e22\u0e01\u0e14\u0e39\u0e02\u0e49\u0e2d\u0e21\u0e39\u0e25\u0e41\u0e1a\u0e1a\u0e15\u0e48\u0e32\u0e07\u0e46 \u0e23\u0e27\u0e21\u0e44\u0e1b\u0e16\u0e36\u0e07\u0e01\u0e32\u0e23\u0e40\u0e02\u0e35\u0e22\u0e19\u0e40\u0e07\u0e37\u0e48\u0e2d\u0e19\u0e44\u0e02 \u0e01\u0e32\u0e23\u0e08\u0e31\u0e14\u0e01\u0e25\u0e38\u0e48\u0e21\u0e02\u0e49\u0e2d\u0e21\u0e39\u0e25 \u0e40\u0e17\u0e04\u0e19\u0e34\u0e04\u0e01\u0e32\u0e23\u0e40\u0e02\u0e35\u0e22\u0e19\u0e04\u0e34\u0e27\u0e23\u0e35\u0e48\u0e41\u0e1a\u0e1a\u0e02\u0e31\u0e49\u0e19\u0e2a\u0e39\u0e07 \u0e41\u0e25\u0e30\u0e2a\u0e38\u0e14\u0e17\u0e49\u0e32\u0e22\u0e40\u0e1b\u0e47\u0e19\u0e01\u0e32\u0e23\u0e19\u0e33\u0e40\u0e02\u0e49\u0e32/\u0e2a\u0e48\u0e07\u0e2d\u0e2d\u0e01\u0e02\u0e49\u0e2d\u0e21\u0e39\u0e25", "category": 4, "lessons": 16, "price": "2600.00", "image": "images/video/mysql.jpg", "premium": false, "published": true, "teachers": [2]}}, {"model": "online.video", "pk": 4, "fields": {"code": "PHP01", "name": "\u0e01\u0e32\u0e23\u0e1e\u0e31\u0e12\u0e19\u0e32\u0e41\u0e2d\u0e1e\u0e25\u0e34\u0e40\u0e04\u0e0a\u0e31\u0e48\u0e19\u0e14\u0e49\u0e27\u0e22 PHP7 \u0e41\u0e25\u0e30 MySQL (\u0e1e\u0e37\u0e49\u0e19\u0e10\u0e32\u0e19)", "slug": "basic-php-web-development", "title": "\u0e40\u0e23\u0e35\u0e22\u0e19\u0e01\u0e32\u0e23\u0e1e\u0e31\u0e12\u0e19\u0e32\u0e40\u0e27\u0e47\u0e1a\u0e14\u0e49\u0e27\u0e22 PHP \u0e08\u0e32\u0e01\u0e40\u0e23\u0e34\u0e48\u0e21\u0e15\u0e49\u0e19\u0e2a\u0e39\u0e48\u0e01\u0e32\u0e23\u0e15\u0e34\u0e14\u0e15\u0e31\u0e49\u0e07", "description": "\u0e2b\u0e25\u0e31\u0e01\u0e2a\u0e39\u0e15\u0e23\u0e19\u0e35\u0e49\u0e40\u0e2b\u0e21\u0e32\u0e30\u0e01\u0e31\u0e1a\u0e1c\u0e39\u0e49\u0e17\u0e35\u0e48\u0e15\u0e49\u0e2d\u0e07\u0e01\u0e32\u0e23\u0e08\u0e30\u0e40\u0e23\u0e35\u0e22\u0e19\u0e23\u0e39\u0e49\u0e20\u0e32\u0e29\u0e32 PHP \u0e42\u0e14\u0e22\u0e43\u0e0a\u0e49 MySQL \u0e40\u0e1b\u0e47\u0e19\u0e15\u0e31\u0e27\u0e08\u0e31\u0e14\u0e01\u0e32\u0e23\u0e10\u0e32\u0e19\u0e02\u0e49\u0e2d\u0e21\u0e39\u0e25 \u0e0b\u0e36\u0e48\u0e07\u0e2b\u0e25\u0e31\u0e01\u0e2a\u0e39\u0e15\u0e23\u0e19\u0e35\u0e49\u0e08\u0e30\u0e40\u0e1b\u0e47\u0e19\u0e1e\u0e37\u0e49\u0e19\u0e10\u0e32\u0e19 \u0e43\u0e19\u0e01\u0e32\u0e23\u0e1e\u0e31\u0e12\u0e19\u0e32\u0e40\u0e27\u0e47\u0e1a\u0e44\u0e0b\u0e15\u0e4c\u0e41\u0e25\u0e30\u0e41\u0e2d\u0e1e\u0e25\u0e34\u0e40\u0e04\u0e0a\u0e31\u0e48\u0e19 \u0e40\u0e1e\u0e37\u0e48\u0e2d\u0e15\u0e48\u0e2d\u0e22\u0e2d\u0e14\u0e44\u0e1b\u0e2b\u0e25\u0e31\u0e01\u0e2a\u0e39\u0e15\u0e23\u0e02\u0e31\u0e49\u0e19\u0e2a\u0e39\u0e07\u0e15\u0e48\u0e2d\u0e44\u0e1b\u0e43\u0e19\u0e2d\u0e19\u0e32\u0e04\u0e15 \u0e2a\u0e33\u0e2b\u0e23\u0e31\u0e1a\u0e40\u0e19\u0e37\u0e49\u0e2d\u0e2b\u0e32\u0e02\u0e2d\u0e07\u0e2b\u0e25\u0e31\u0e01\u0e2a\u0e39\u0e15\u0e23\u0e19\u0e31\u0e49\u0e19 \u0e17\u0e48\u0e32\u0e19\u0e08\u0e30\u0e44\u0e14\u0e49\u0e23\u0e39\u0e49\u0e08\u0e31\u0e01\u0e01\u0e31\u0e1a MySQL \u0e43\u0e2b\u0e49\u0e21\u0e32\u0e01\u0e02\u0e36\u0e49\u0e19 \u0e01\u0e32\u0e23\u0e15\u0e34\u0e14\u0e15\u0e31\u0e49\u0e07\u0e10\u0e32\u0e19\u0e02\u0e49\u0e2d\u0e21\u0e39\u0e25 \u0e1b\u0e23\u0e30\u0e40\u0e20\u0e17\u0e02\u0e2d\u0e07\u0e04\u0e33\u0e2a\u0e31\u0e48\u0e07 PHP \u0e01\u0e32\u0e23\u0e2a\u0e23\u0e49\u0e32\u0e07\u0e10\u0e32\u0e19\u0e02\u0e49\u0e2d\u0e21\u0e39\u0e25\u0e41\u0e25\u0e30\u0e15\u0e32\u0e23\u0e32\u0e07 \u0e01\u0e32\u0e23\u0e40\u0e23\u0e35\u0e22\u0e01\u0e14\u0e39\u0e02\u0e49\u0e2d\u0e21\u0e39\u0e25\u0e41\u0e1a\u0e1a\u0e15\u0e48\u0e32\u0e07\u0e46 \u0e23\u0e27\u0e21\u0e44\u0e1b\u0e16\u0e36\u0e07\u0e01\u0e32\u0e23\u0e40\u0e02\u0e35\u0e22\u0e19\u0e40\u0e07\u0e37\u0e48\u0e2d\u0e19\u0e44\u0e02 \u0e01\u0e32\u0e23\u0e08\u0e31\u0e14\u0e01\u0e25\u0e38\u0e48\u0e21\u0e02\u0e49\u0e2d\u0e21\u0e39\u0e25 \u0e40\u0e17\u0e04\u0e19\u0e34\u0e04\u0e01\u0e32\u0e23\u0e40\u0e02\u0e35\u0e22\u0e19\u0e04\u0e34\u0e27\u0e23\u0e35\u0e48\u0e41\u0e1a\u0e1a\u0e02\u0e31\u0e49\u0e19\u0e2a\u0e39\u0e07 \u0e41\u0e25\u0e30\u0e2a\u0e38\u0e14\u0e17\u0e49\u0e32\u0e22\u0e40\u0e1b\u0e47\u0e19\u0e01\u0e32\u0e23\u0e19\u0e33\u0e40\u0e02\u0e49\u0e32/\u0e2a\u0e48\u0e07\u0e2d\u0e2d\u0e01\u0e02\u0e49\u0e2d\u0e21\u0e39\u0e25", "category": 1, "lessons": 15, "price": "500.00", "image": "images/video/php.jpg", "premium": false, "published": true, "teachers": [1, 2]}}, {"model": "online.videooption", "pk": 1, "fields": {"video": 1, "option": "\u0e21\u0e35\u0e15\u0e31\u0e27\u0e2d\u0e22\u0e48\u0e32\u0e07\u0e43\u0e2b\u0e49\u0e17\u0e14\u0e2a\u0e2d\u0e1a"}}, {"model": "online.videooption", "pk": 2, "fields": {"video": 1, "option": "\u0e42\u0e1b\u0e23\u0e41\u0e01\u0e23\u0e21\u0e2a\u0e32\u0e21\u0e32\u0e23\u0e16\u0e17\u0e33\u0e07\u0e32\u0e19\u0e44\u0e14\u0e49\u0e08\u0e23\u0e34\u0e07"}}, {"model": "online.videooption", "pk": 3, "fields": {"video": 1, "option": "\u0e2a\u0e32\u0e21\u0e32\u0e23\u0e16\u0e40\u0e0a\u0e37\u0e48\u0e2d\u0e21\u0e15\u0e48\u0e2d\u0e2d\u0e34\u0e19\u0e40\u0e15\u0e2d\u0e23\u0e4c\u0e40\u0e19\u0e47\u0e15\u0e44\u0e14\u0e49"}}, {"model": "online.videooption", "pk": 4, "fields": {"video": 2, "option": "\u0e21\u0e35\u0e15\u0e31\u0e27\u0e2d\u0e22\u0e48\u0e32\u0e07\u0e43\u0e2b\u0e49\u0e17\u0e14\u0e25\u0e2d\u0e07"}}, {"model": "online.videooption", "pk": 5, "fields": {"video": 2, "option": "\u0e42\u0e1b\u0e23\u0e41\u0e01\u0e23\u0e21\u0e2a\u0e32\u0e21\u0e32\u0e23\u0e16\u0e17\u0e33\u0e07\u0e32\u0e19\u0e44\u0e14\u0e49\u0e08\u0e23\u0e34\u0e07"}}, {"model": "online.videooption", "pk": 6, "fields": {"video": 3, "option": "\u0e17\u0e33\u0e15\u0e32\u0e21\u0e15\u0e31\u0e27\u0e2d\u0e22\u0e48\u0e32\u0e07\u0e44\u0e14\u0e49"}}, {"model": "online.videooption", "pk": 7, "fields": {"video": 3, "option": "\u0e21\u0e35\u0e15\u0e31\u0e27\u0e2d\u0e22\u0e48\u0e32\u0e07\u0e10\u0e32\u0e19\u0e02\u0e49\u0e2d\u0e21\u0e39\u0e25\u0e43\u0e2b\u0e49\u0e17\u0e14\u0e25\u0e2d\u0e07"}}, {"model": "online.videooption", "pk": 8, "fields": {"video": 3, "option": "\u0e21\u0e35\u0e42\u0e08\u0e17\u0e22\u0e4c\u0e43\u0e2b\u0e49\u0e25\u0e2d\u0e07\u0e17\u0e33"}}, {"model": "online.videooption", "pk": 9, "fields": {"video": 4, "option": "\u0e21\u0e35\u0e15\u0e31\u0e27\u0e2d\u0e22\u0e48\u0e32\u0e07\u0e43\u0e2b\u0e49\u0e1b\u0e0f\u0e34\u0e1a\u0e31\u0e15\u0e34"}}, {"model": "online.videooption", "pk": 10, "fields": {"video": 4, "option": "\u0e42\u0e1b\u0e23\u0e41\u0e01\u0e23\u0e21\u0e17\u0e33\u0e07\u0e32\u0e19\u0e44\u0e14\u0e49\u0e08\u0e23\u0e34\u0e07 100%"}}, {"model": "online.videooption", "pk": 11, "fields": {"video": 4, "option": "\u0e2a\u0e32\u0e21\u0e32\u0e23\u0e16\u0e2a\u0e2d\u0e1a\u0e16\u0e32\u0e21\u0e44\u0e14\u0e49\u0e40\u0e1e\u0e34\u0e48\u0e21\u0e40\u0e15\u0e34\u0e21"}}, {"model": "online.videooption", "pk": 12, "fields": {"video": 4, "option": "\u0e2a\u0e32\u0e21\u0e32\u0e23\u0e16\u0e14\u0e32\u0e27\u0e19\u0e4c\u0e42\u0e2b\u0e25\u0e14\u0e0b\u0e2d\u0e23\u0e4c\u0e2a\u0e42\u0e04\u0e49\u0e14\u0e44\u0e14\u0e49"}}, {"model": "online.videoplaylist", "pk": 1, "fields": {"video": 1, "no": 1, "chapter": "Backend API", "title": "\u0e41\u0e19\u0e30\u0e19\u0e33 Backend API", "time": "12:00", "preview": true, "link": "http://localhost:3000/video"}}, {"model": "online.videoplaylist", "pk": 2, "fields": {"video": 1, "no": 2, "chapter": "Backend API", "title": "\u0e17\u0e14\u0e2a\u0e2d\u0e1a\u0e01\u0e32\u0e23\u0e17\u0e33\u0e07\u0e32\u0e19\u0e14\u0e49\u0e27\u0e22\u0e42\u0e1b\u0e23\u0e41\u0e01\u0e23\u0e21 Postman", "time": "15:00", "preview": false, "link": null}}, {"model": "online.videoplaylist", "pk": 3, "fields": {"video": 1, "no": 3, "chapter": "Backend API", "title": "\u0e15\u0e34\u0e14\u0e15\u0e31\u0e49\u0e07 Backend API \u0e17\u0e35\u0e48\u0e08\u0e30\u0e43\u0e0a\u0e49\u0e43\u0e19 Workshop", "time": "18:00", "preview": false, "link": null}}, {"model": "online.videoplaylist", "pk": 4, "fields": {"video": 1, "no": 4, "chapter": "Backend API", "title": "\u0e17\u0e14\u0e2a\u0e2d\u0e1a POST Request \u0e14\u0e49\u0e27\u0e22\u0e42\u0e1b\u0e23\u0e41\u0e01\u0e23\u0e21 Postman", "time": "12:00", "preview": false, "link": null}}, {"model": "online.videoplaylist", "pk": 5, "fields": {"video": 1, "no": 5, "chapter": "Connect API using Http Service", "title": "\u0e2a\u0e23\u0e49\u0e32\u0e07 Service Component \u0e14\u0e49\u0e27\u0e22 CLI", "time": "10:00", "preview": false, "link": null}}, {"model": "online.videoplaylist", "pk": 6, "fields": {"video": 1, "no": 6, "chapter": "Connect API using Http Service", "title": "\u0e40\u0e0a\u0e37\u0e48\u0e2d\u0e21\u0e15\u0e48\u0e2d API \u0e14\u0e49\u0e27\u0e22 Angular Http Service", "time": "16:00", "preview": false, "link": null}}, {"model": "online.videoplaylist", "pk": 7, "fields": {"video": 2, "no": 1, "chapter": "Web storage", "title": "\u0e01\u0e32\u0e23\u0e43\u0e0a\u0e49\u0e07\u0e32\u0e19 Web storage", "time": "11:00", "preview": true, "link": "http://localhost:3000/video/PHP01/sample.mp4"}}, {"model": "online.videoplaylist", "pk": 8, "fields": {"video": 2, "no": 2, "chapter": "Web storage", "title": "\u0e01\u0e32\u0e23\u0e2a\u0e23\u0e49\u0e32\u0e07 Task list \u0e14\u0e49\u0e27\u0e22 Web storage", "time": "12:00", "preview": false, "link": null}}, {"model": "online.videoplaylist", "pk": 9, "fields": {"video": 2, "no": 3, "chapter": "Web storage", "title": "\u0e01\u0e32\u0e23\u0e43\u0e0a\u0e49\u0e07\u0e32\u0e19 Web worker", "time": "17:00", "preview": false, "link": null}}, {"model": "online.videoplaylist", "pk": 10, "fields": {"video": 3, "no": 1, "chapter": "\u0e23\u0e39\u0e49\u0e08\u0e31\u0e01\u0e01\u0e31\u0e1a MySQL", "title": "\u0e20\u0e32\u0e1e\u0e23\u0e27\u0e21", "time": "17:00", "preview": true, "link": "http://localhost:3000/video"}}, {"model": "online.videoplaylist", "pk": 11, "fields": {"video": 3, "no": 2, "chapter": "\u0e23\u0e39\u0e49\u0e08\u0e31\u0e01\u0e01\u0e31\u0e1a MySQL", "title": "\u0e01\u0e32\u0e23\u0e14\u0e32\u0e27\u0e19\u0e4c\u0e42\u0e2b\u0e25\u0e14\u0e41\u0e25\u0e30\u0e15\u0e34\u0e14\u0e15\u0e31\u0e49\u0e07", "time": "21:00", "preview": false, "link": null}}, {"model": "online.videoplaylist", "pk": 12, "fields": {"video": 3, "no": 3, "chapter": "\u0e23\u0e39\u0e49\u0e08\u0e31\u0e01\u0e01\u0e31\u0e1a MySQL", "title": "\u0e01\u0e32\u0e23\u0e1b\u0e23\u0e31\u0e1a\u0e41\u0e15\u0e48\u0e07\u0e02\u0e49\u0e2d\u0e21\u0e39\u0e25", "time": "11:50", "preview": false, "link": null}}, {"model": "online.videoplaylist", "pk": 13, "fields": {"video": 4, "no": 1, "chapter": "\u0e23\u0e39\u0e49\u0e08\u0e31\u0e01\u0e01\u0e31\u0e1a PHP", "title": "\u0e20\u0e32\u0e1e\u0e23\u0e27\u0e21\u0e01\u0e32\u0e23\u0e1e\u0e31\u0e12\u0e19\u0e32\u0e40\u0e27\u0e47\u0e1a", "time": "12:00", "preview": true, "link": "http://localhost:3000/video/PHP01/sample.mp4"}}, {"model": "online.videoplaylist", "pk": 14, "fields": {"video": 4, "no": 2, "chapter": "\u0e23\u0e39\u0e49\u0e08\u0e31\u0e01\u0e01\u0e31\u0e1a PHP", "title": "\u0e01\u0e32\u0e23\u0e15\u0e34\u0e14\u0e15\u0e31\u0e49\u0e07", "time": "11:00", "preview": true, "link": "http://localhost:3000/video/PHP01/sample.mp4"}}, {"model": "online.videoplaylist", "pk": 15, "fields": {"video": 4, "no": 3, "chapter": "\u0e23\u0e39\u0e49\u0e08\u0e31\u0e01\u0e01\u0e31\u0e1a PHP", "title": "\u0e42\u0e04\u0e23\u0e07\u0e2a\u0e23\u0e49\u0e32\u0e07\u0e02\u0e2d\u0e07\u0e42\u0e1b\u0e23\u0e40\u0e08\u0e47\u0e01\u0e15\u0e4c", "time": "20:00", "preview": false, "link": null}}, {"model": "online.videoplaylist", "pk": 16, "fields": {"video": 4, "no": 4, "chapter": "\u0e1e\u0e37\u0e49\u0e19\u0e10\u0e32\u0e19\u0e01\u0e32\u0e23\u0e40\u0e02\u0e35\u0e22\u0e19\u0e42\u0e1b\u0e23\u0e41\u0e01\u0e23\u0e21", "title": "\u0e01\u0e32\u0e23\u0e1b\u0e23\u0e30\u0e01\u0e32\u0e28\u0e15\u0e31\u0e27\u0e41\u0e1b\u0e23", "time": "12:00", "preview": false, "link": null}}, {"model": "online.videoplaylist", "pk": 17, "fields": {"video": 4, "no": 5, "chapter": "\u0e1e\u0e37\u0e49\u0e19\u0e10\u0e32\u0e19\u0e01\u0e32\u0e23\u0e40\u0e02\u0e35\u0e22\u0e19\u0e42\u0e1b\u0e23\u0e41\u0e01\u0e23\u0e21", "title": "\u0e04\u0e33\u0e2a\u0e31\u0e48\u0e07\u0e04\u0e27\u0e1a\u0e04\u0e38\u0e21 (If)", "time": "11:50", "preview": false, "link": null}}, {"model": "online.videoplaylist", "pk": 18, "fields": {"video": 4, "no": 6, "chapter": "\u0e1e\u0e37\u0e49\u0e19\u0e10\u0e32\u0e19\u0e01\u0e32\u0e23\u0e40\u0e02\u0e35\u0e22\u0e19\u0e42\u0e1b\u0e23\u0e41\u0e01\u0e23\u0e21", "title": "\u0e04\u0e33\u0e2a\u0e31\u0e48\u0e07\u0e27\u0e19\u0e23\u0e2d\u0e1a (Loop)", "time": "09:16", "preview": false, "link": null}}, {"model": "online.videoplaylist", "pk": 19, "fields": {"video": 4, "no": 7, "chapter": "\u0e10\u0e32\u0e19\u0e02\u0e49\u0e2d\u0e21\u0e39\u0e25 MySQL", "title": "\u0e01\u0e32\u0e23\u0e2a\u0e23\u0e49\u0e32\u0e07\u0e10\u0e32\u0e19\u0e02\u0e49\u0e2d\u0e21\u0e39\u0e25", "time": "12:43", "preview": false, "link": null}}, {"model": "online.videoplaylist", "pk": 20, "fields": {"video": 4, "no": 8, "chapter": "\u0e10\u0e32\u0e19\u0e02\u0e49\u0e2d\u0e21\u0e39\u0e25 MySQL", "title": "\u0e01\u0e32\u0e23\u0e2a\u0e23\u0e49\u0e32\u0e07\u0e15\u0e32\u0e23\u0e32\u0e07", "time": "16:00", "preview": false, "link": null}}, {"model": "online.videoregister", "pk": 11, "fields": {"video": 1, "name": "ekkazit", "phone": null, "email": "ekkazit@gmail.com", "unit": 1, "price": "2500.00", "amount": "2500.00", "reg_date": "2018-01-12T12:10:24.038", "paid": false, "paid_date": null, "paid_via": null, "authorized": true, "authorized_token": null}}, {"model": "online.videoregister", "pk": 12, "fields": {"video": 2, "name": "\u0e2a\u0e21\u0e0a\u0e32\u0e22", "phone": "11", "email": "ekkazit@gmail.com", "unit": 1, "price": "5000.00", "amount": "5000.00", "reg_date": "2018-01-12T21:00:22.326", "paid": false, "paid_date": null, "paid_via": null, "authorized": false, "authorized_token": null}}, {"model": "online.videoregister", "pk": 13, "fields": {"video": 2, "name": "\u0e2a\u0e21\u0e0a\u0e32\u0e22", "phone": "11", "email": "ekkazit@gmail.com", "unit": 1, "price": "5000.00", "amount": "5000.00", "reg_date": "2018-01-12T21:00:43.245", "paid": false, "paid_date": null, "paid_via": null, "authorized": false, "authorized_token": null}}, {"model": "online.videoregister", "pk": 14, "fields": {"video": 2, "name": "\u0e2a\u0e21\u0e0a\u0e32\u0e22", "phone": "11", "email": "ekkazit@gmail.com", "unit": 1, "price": "5000.00", "amount": "5000.00", "reg_date": "2018-01-12T21:01:37.346", "paid": false, "paid_date": null, "paid_via": null, "authorized": false, "authorized_token": null}}, {"model": "online.videoregister", "pk": 15, "fields": {"video": 2, "name": "ekkazit", "phone": null, "email": "ekkazit@gmail.com", "unit": 1, "price": "5000.00", "amount": "5000.00", "reg_date": "2018-01-13T11:08:51.108", "paid": false, "paid_date": null, "paid_via": null, "authorized": false, "authorized_token": null}}, {"model": "online.videoregister", "pk": 16, "fields": {"video": 2, "name": "ekkazit", "phone": null, "email": "ekkazit@gmail.com", "unit": 1, "price": "5000.00", "amount": "5000.00", "reg_date": "2018-01-13T11:08:56.180", "paid": false, "paid_date": null, "paid_via": null, "authorized": false, "authorized_token": null}}]